seed,mode,true_objective,distance_to_center,elapsed_sec,query_total_sec,query_median_sec,query_max_sec,train_total_sec,overlap_compute_max_sec,bridge_compute_max_sec,bad_initial_candidate_warnings
0,global,-1.586598237691958e-06,0.0019922817628781854,4.405999999959022,2.297000000020489,0.19550000000162981,0.7030000000377186,1.9209999999729916,0.5939999999827705,0.8600000000442378,0
0,conditional,-1.1137905607078501e-07,0.0005323133940540823,4.079000000027008,1.98599999997532,0.17249999998603016,0.7660000000032596,1.9519999999902211,0.34399999998277053,0.9540000000270084,0
1,global,-2.480864927616326e-07,0.0008928529004583435,4.311999999976251,2.1059999999124557,0.2029999999795109,0.5150000000139698,2.017000000050757,0.39100000000325963,0.625,0
1,conditional,-8.826765897091784e-08,0.0005676680730910477,4.672000000020489,2.2639999999664724,0.2574999999778811,0.5939999999827705,2.2199999999720603,0.4220000000204891,0.75,0
2,global,-1.5876938319406496e-07,0.0007798805111978906,5.10899999999674,2.4679999998188578,0.18799999996554106,0.8279999999795109,2.391000000119675,0.6400000000139698,1.0939999999827705,0
2,conditional,-4.255006032045873e-07,0.0010399665853905176,5.4689999999827705,2.937000000034459,0.21100000001024455,1.0,2.3150000000023283,0.35899999999674037,1.1880000000237487,0
3,global,-7.944318432139745e-08,0.00048347834970304286,4.01600000000326,1.7019999999320135,0.19500000000698492,0.42199999996228144,2.1280000000842847,0.40600000001722947,0.5939999999827705,0
3,conditional,-1.4867490693837367e-07,0.0006682876224120116,4.437000000034459,2.107999999949243,0.21849999998812564,0.5939999999827705,2.1570000000065193,0.3440000000409782,0.7660000000032596,0
4,global,-7.664204605868375e-07,0.001735223236949769,3.530999999959022,1.4540000000270084,0.16450000001350418,0.3899999999557622,1.9219999999622814,0.4059999999590218,0.5309999999590218,0
4,conditional,-2.269646987071106e-07,0.0009920775478657264,3.4070000000065193,1.3919999999343418,0.17199999996228144,0.26600000000325963,1.8420000000623986,0.39100000000325963,0.45300000003771856,0
5,global,-1.9174796533969386e-07,0.0007046758545154296,4.73399999999674,2.6249999999417923,0.22649999998975545,0.875,1.922000000020489,1.0310000000172295,0.6560000000172295,0
5,conditional,-2.611135144446143e-07,0.0008146273756401699,4.2810000000172295,1.9989999998942949,0.21849999998812564,0.46799999999348074,2.127000000094995,0.625,0.6400000000139698,0
6,global,-7.475862223604576e-08,0.0005764196363921085,3.8439999999827705,1.6250000000582077,0.16400000001885928,0.5630000000237487,2.0479999998933636,0.35999999998603016,0.7190000000409782,0
6,conditional,-1.909075454667605e-07,0.0009199997786692973,3.797000000020489,1.6099999999278225,0.15650000001187436,0.5309999999590218,1.9849999999860302,0.32800000003771856,0.6869999999762513,0
7,global,-4.43304765749413e-07,0.0012180788299619096,4.422000000020489,2.2989999998826534,0.2659999999741558,0.5939999999827705,1.9970000000903383,0.4529999999795109,0.7970000000204891,0
7,conditional,-1.713718215475855e-07,0.000655544546439225,3.75,1.7359999999171123,0.19550000000162981,0.42199999996228144,1.9050000000279397,0.35899999999674037,0.5779999999795109,0
8,global,-1.8487745640612316e-07,0.0007575776732912026,4.907000000006519,2.7189999999827705,0.21850000001722947,0.7969999999622814,2.0480000000679865,0.5929999999934807,0.9849999999860302,0
8,conditional,-5.8204481061904127e-08,0.0004896351748699744,4.0,1.7349999999278225,0.22650000001885928,0.4369999999762513,2.061000000045169,0.40600000001722947,0.5779999999795109,0
9,global,-3.6073259714879576e-07,0.0012636713478139546,4.0,1.9689999999827705,0.19500000000698492,0.48499999998603016,1.8900000000139698,0.42099999997299165,0.6559999999590218,0
9,conditional,-1.6613585913954708e-07,0.0007469135556024945,4.0310000000172295,1.9359999999287538,0.17949999999837019,0.5309999999590218,1.9239999999990687,0.35999999998603016,0.6869999999762513,0
10,global,-6.032989901814704e-07,0.001636816113830724,4.26600000000326,2.23599999997532,0.20350000000325963,0.6880000000237487,1.859000000054948,0.5160000000032596,0.8440000000409782,0
10,conditional,-5.635533535128497e-07,0.0015143666805580752,3.9679999999934807,1.9389999999548309,0.21099999998114072,0.625,1.8410000000149012,0.375,0.7809999999590218,0
11,global,-6.002331580918355e-07,0.0014039433266526528,3.375,1.3119999999762513,0.1720000000204891,0.2029999999795109,1.892000000050757,0.375,0.35899999999674037,0
11,conditional,-3.542809964734781e-08,0.0003397113461834757,4.438000000023749,2.031000000075437,0.22650000001885928,0.625,2.2169999998877756,0.5,0.7969999999622814,0
12,global,-3.9806532066297204e-06,0.004048740291612123,4.875,2.422000000020489,0.21849999998812564,0.7970000000204891,2.2639999999664724,0.7649999999557622,0.9689999999827705,0
12,conditional,-4.136343437959006e-08,0.00035104908576059956,4.5939999999827705,2.3590000001131557,0.27300000001559965,0.48399999999674037,2.0949999997974373,0.4690000000409782,0.6559999999590218,0
13,global,-2.77032794937316e-07,0.00083252411282743,3.952999999979511,1.4850000001024455,0.16400000001885928,0.3130000000237487,2.2799999998533167,0.3899999999557622,0.5320000000065193,0
13,conditional,-4.3087478026029506e-06,0.00351565142137894,4.51500000001397,1.9209999999729916,0.25,0.3899999999557622,2.3439999999827705,0.5619999999762513,0.6089999999967404,0
14,global,-7.699593871342975e-07,0.0014998895222769093,4.375,1.9819999999599531,0.20250000001396984,0.7179999999934807,2.173000000009779,0.9060000000172295,0.46799999999348074,0
14,conditional,-2.4883534794619172e-06,0.003299441524928835,5.0,2.6550000000861473,0.24199999999837019,0.6709999999729916,2.1249999998835847,0.4529999999795109,0.8589999999967404,0
15,global,-1.0828281286626846e-05,0.006390752318252209,4.670999999972992,2.2039999999688007,0.2580000000016298,0.5629999999655411,2.2789999999804422,0.5619999999762513,0.7349999999860302,0
15,conditional,-2.5991223584185573e-06,0.0033347853079048547,4.5,2.094000000040978,0.16400000001885928,0.6720000000204891,2.217999999935273,0.35899999999674037,0.8910000000032596,0
16,global,-6.252762106290933e-08,0.00044733084888981447,4.1560000000172295,1.8119999999762513,0.2574999999778811,0.29599999997299165,2.1400000000721775,0.46899999998277053,0.48399999999674037,0
16,conditional,-1.1278201670714944e-08,0.00016939344596566657,4.85999999998603,2.609000000054948,0.26600000000325963,0.8899999999557622,2.0769999999320135,0.48499999998603016,1.077999999979511,0
17,global,-1.8398233359484392e-07,0.0007093214085837049,4.6560000000172295,2.594000000040978,0.23399999999674037,1.0310000000172295,1.9219999999622814,1.1880000000237487,0.39000000001396984,0
17,conditional,-5.3602097700339765e-08,0.0004539306814365243,4.51600000000326,2.422000000020489,0.20300000000861473,0.7189999999827705,1.9199999999837019,0.3440000000409782,0.8910000000032596,0
18,global,-2.0360490977232353e-08,0.00023250036800968272,3.89000000001397,1.7639999999664724,0.202499999984866,0.5,1.9690000000409782,0.375,0.6410000000032596,0
18,conditional,-5.3944027760065376e-08,0.0004886408592780821,4.155999999959022,2.0169999999925494,0.21900000001187436,0.5459999999729916,1.9679999999934807,0.5,0.7179999999934807,0
19,global,-6.792497667018632e-08,0.0005214197004264206,4.094000000040978,1.9989999999525025,0.21049999998649582,0.5310000000172295,1.9060000000754371,0.43700000003445894,0.7030000000377186,0
19,conditional,-8.844685036049768e-07,0.0014922285520645668,3.812999999965541,1.7019999999320135,0.19550000000162981,0.4529999999795109,1.922000000020489,0.4850000000442378,0.5929999999934807,0
